cement_type,age_days,water_cement_ratio,density_kg_m3,mass_g,load_kN,strength_MPa
GHACEM,7,0.6,2390.222,8067.0,332.9,14.796
GHACEM,7,0.6,2416.296,8155.0,318.2,14.142
GHACEM,7,0.6,2343.407,7909.0,373.1,16.582
GHACEM,14,0.6,2478.815,8366.0,425.9,18.929
GHACEM,14,0.6,2505.778,8457.0,436.5,19.4
GHACEM,14,0.6,2486.815,8393.0,434.7,19.32
GHACEM,28,0.6,2458.074,8296.0,580.0,25.778
GHACEM,28,0.6,2466.667,8325.0,554.0,24.662
GHACEM,28,0.6,2519.704,8504.0,570.0,25.333
SUPACEM,7,0.6,2370.37,8000.0,296.8,13.191
SUPACEM,7,0.6,2399.111,8097.0,363.6,16.16
SUPACEM,7,0.6,2357.629,7957.0,339.4,15.08
SUPACEM,14,0.6,2333.333,7875.0,402.3,17.88
SUPACEM,14,0.6,2403.556,8112.0,445.6,19.804
SUPACEM,14,0.6,2341.037,7901.0,317.6,14.116
SUPACEM,28,0.6,2365.333,7983.0,472.6,21.004
SUPACEM,28,0.6,2370.667,8001.0,528.0,23.467
SUPACEM,28,0.6,2349.037,7928.0,487.0,21.644
SUPACEM,28,0.6,2287.6,7810.9,570.09,25.34
GHACEM,7,0.6,2329.6,7810.9,343.49,15.27
SUPACEM,14,0.6,2327.3,7810.9,453.02,20.13
GHACEM,28,0.6,2348.9,7810.9,572.22,25.43
SUPACEM,7,0.6,2306.0,7810.9,280.03,12.45
GHACEM,14,0.6,2303.0,7810.9,477.74,21.23
SUPACEM,28,0.6,2329.4,7810.9,578.3,25.7
GHACEM,7,0.6,2297.7,7810.9,347.2,15.43
SUPACEM,14,0.6,2295.1,7810.9,457.12,20.32
GHACEM,28,0.6,2315.9,7810.9,607.65,27.01
SUPACEM,7,0.6,2321.8,7810.9,264.94,11.78
GHACEM,14,0.6,2293.4,7810.9,450.95,20.04
SUPACEM,28,0.6,2284.5,7810.9,575.16,25.56
GHACEM,7,0.6,2305.8,7810.9,361.22,16.05
SUPACEM,14,0.6,2324.8,7810.9,428.06,19.02
GHACEM,28,0.6,2304.3,7810.9,631.04,28.05
SUPACEM,7,0.6,2305.4,7810.9,249.89,11.11
GHACEM,14,0.6,2334.3,7810.9,480.8,21.37
SUPACEM,28,0.6,2308.1,7810.9,563.29,25.03
GHACEM,7,0.6,2337.1,7810.9,339.45,15.09
SUPACEM,14,0.6,2353.1,7810.9,434.77,19.32
GHACEM,28,0.6,2312.9,7810.9,586.65,26.07
SUPACEM,7,0.6,2309.6,7810.9,270.41,12.02
GHACEM,14,0.6,2326.6,7810.9,489.17,21.74
SUPACEM,28,0.6,2310.5,7810.9,572.27,25.43
GHACEM,7,0.6,2315.5,7810.9,304.5,13.53
SUPACEM,14,0.6,2350.5,7810.9,409.38,18.19
GHACEM,28,0.6,2328.1,7810.9,606.68,26.96
SUPACEM,7,0.6,2311.5,7810.9,250.72,11.14
GHACEM,14,0.6,2340.7,7810.9,466.58,20.74
SUPACEM,28,0.6,2308.2,7810.9,547.94,24.35
GHACEM,7,0.6,2314.1,7810.9,349.34,15.53
SUPACEM,14,0.6,2295.8,7810.9,438.76,19.5
GHACEM,28,0.6,2312.6,7810.9,566.59,25.18
SUPACEM,7,0.6,2312.9,7810.9,276.64,12.3
GHACEM,14,0.6,2329.7,7810.9,441.53,19.62
SUPACEM,28,0.6,2312.9,7810.9,558.24,24.81
GHACEM,7,0.6,2327.9,7810.9,321.68,14.3
SUPACEM,14,0.6,2345.2,7810.9,427.28,18.99
GHACEM,28,0.6,2309.6,7810.9,590.0,26.22
SUPACEM,7,0.6,2330.1,7810.9,263.89,11.73
GHACEM,14,0.6,2329.0,7810.9,472.78,21.01
SUPACEM,28,0.6,2332.4,7810.9,560.45,24.91
GHACEM,7,0.6,2310.7,7810.9,319.37,14.19
SUPACEM,14,0.6,2301.3,7810.9,455.13,20.23
GHACEM,28,0.6,2303.1,7810.9,546.53,24.29
SUPACEM,7,0.6,2332.1,7810.9,281.77,12.52
GHACEM,14,0.6,2294.3,7810.9,466.29,20.72
SUPACEM,28,0.6,2312.2,7810.9,596.69,26.52
GHACEM,7,0.6,2309.1,7810.9,328.33,14.59
SUPACEM,14,0.6,2300.0,7810.9,428.07,19.03
GHACEM,28,0.6,2334.4,7810.9,601.43,26.73
SUPACEM,7,0.6,2338.4,7810.9,277.97,12.35
GHACEM,14,0.6,2309.6,7810.9,500.64,22.25
SUPACEM,28,0.6,2304.3,7810.9,559.63,24.87
GHACEM,7,0.6,2326.3,7810.9,328.95,14.62
SUPACEM,14,0.6,2304.7,7810.9,424.63,18.87
GHACEM,28,0.6,2306.9,7810.9,599.58,26.65
SUPACEM,7,0.6,2336.3,7810.9,248.19,11.03
GHACEM,14,0.6,2328.2,7810.9,454.57,20.2
SUPACEM,28,0.6,2313.5,7810.9,577.99,25.69
GHACEM,7,0.6,2316.1,7810.9,306.32,13.61
SUPACEM,14,0.6,2316.0,7810.9,452.46,20.11
GHACEM,28,0.6,2326.4,7810.9,628.33,27.93
SUPACEM,7,0.6,2316.8,7810.9,266.07,11.83
GHACEM,14,0.6,2344.1,7810.9,479.2,21.3
SUPACEM,28,0.6,2313.6,7810.9,582.43,25.89
GHACEM,7,0.6,2325.4,7810.9,332.56,14.78
SUPACEM,14,0.6,2347.4,7810.9,427.98,19.02
GHACEM,28,0.6,2321.8,7810.9,563.69,25.05
SUPACEM,7,0.6,2340.0,7810.9,292.46,13.0
GHACEM,14,0.6,2319.8,7810.9,496.66,22.07
SUPACEM,28,0.6,2289.6,7810.9,557.44,24.78
GHACEM,7,0.6,2311.8,7810.9,307.53,13.67
SUPACEM,14,0.6,2320.3,7810.9,424.58,18.87
GHACEM,28,0.6,2323.5,7810.9,585.66,26.03
SUPACEM,7,0.6,2334.9,7810.9,267.2,11.88
GHACEM,14,0.6,2307.5,7810.9,457.03,20.31
SUPACEM,28,0.6,2304.2,7810.9,530.39,23.57
GHACEM,7,0.6,2322.2,7810.9,314.21,13.97
SUPACEM,14,0.6,2317.5,7810.9,420.17,18.67
GHACEM,28,0.6,2326.2,7810.9,588.24,26.14
SUPACEM,7,0.6,2297.0,7810.9,258.29,11.48
GHACEM,14,0.6,2334.4,7810.9,450.07,20.0
SUPACEM,28,0.6,2301.1,7810.9,532.16,23.65
GHACEM,7,0.6,2311.7,7810.9,329.21,14.63
SUPACEM,14,0.6,2331.7,7810.9,431.87,19.19
GHACEM,28,0.6,2310.4,7810.9,594.43,26.42
SUPACEM,7,0.6,2359.5,7810.9,269.71,11.99
GHACEM,14,0.6,2332.2,7810.9,452.84,20.13
SUPACEM,28,0.6,2356.4,7810.9,569.94,25.33
GHACEM,7,0.6,2316.3,7810.9,337.44,15.0
SUPACEM,14,0.6,2336.6,7810.9,407.6,18.12
GHACEM,28,0.6,2309.6,7810.9,591.84,26.3
SUPACEM,7,0.6,2322.4,7810.9,273.34,12.15
GHACEM,14,0.6,2324.3,7810.9,451.16,20.05
SUPACEM,28,0.6,2327.6,7810.9,550.71,24.48
GHACEM,7,0.6,2323.8,7810.9,332.02,14.76
SUPACEM,14,0.6,2330.8,7810.9,424.52,18.87
GHACEM,28,0.6,2303.1,7810.9,549.44,24.42
SUPACEM,7,0.6,2300.4,7810.9,259.69,11.54
GHACEM,14,0.6,2292.8,7810.9,461.06,20.49
SUPACEM,28,0.6,2322.9,7810.9,589.63,26.21
GHACEM,7,0.6,2323.8,7810.9,340.47,15.13
SUPACEM,14,0.6,2298.7,7810.9,428.47,19.04
GHACEM,28,0.6,2319.3,7810.9,512.68,22.79
SUPACEM,7,0.6,2298.3,7810.9,255.16,11.34
GHACEM,14,0.6,2321.2,7810.9,490.29,21.79
SUPACEM,28,0.6,2334.1,7810.9,551.82,24.53
GHACEM,7,0.6,2312.1,7810.9,330.61,14.69
SUPACEM,14,0.6,2346.3,7810.9,398.19,17.7
GHACEM,28,0.6,2329.9,7810.9,558.18,24.81
SUPACEM,7,0.6,2311.6,7810.9,294.04,13.07
GHACEM,14,0.6,2331.2,7810.9,452.93,20.13
SUPACEM,28,0.6,2327.7,7810.9,581.21,25.83
GHACEM,7,0.6,2319.0,7810.9,323.06,14.36
SUPACEM,14,0.6,2339.6,7810.9,433.74,19.28
GHACEM,28,0.6,2309.8,7810.9,577.78,25.68
SUPACEM,7,0.6,2318.4,7810.9,283.48,12.6
GHACEM,14,0.6,2343.6,7810.9,433.61,19.27
SUPACEM,28,0.6,2300.2,7810.9,569.05,25.29
GHACEM,7,0.6,2312.9,7810.9,349.87,15.55
SUPACEM,14,0.6,2348.1,7810.9,440.64,19.58
GHACEM,28,0.6,2297.9,7810.9,569.74,25.32
SUPACEM,7,0.6,2309.2,7810.9,255.63,11.36
GHACEM,14,0.6,2313.6,7810.9,455.49,20.24
SUPACEM,28,0.6,2316.5,7810.9,549.65,24.43
GHACEM,7,0.6,2326.5,7810.9,329.93,14.66
SUPACEM,14,0.6,2346.1,7810.9,396.16,17.61
GHACEM,28,0.6,2290.9,7810.9,550.92,24.49
SUPACEM,7,0.6,2349.6,7810.9,288.24,12.81
GHACEM,14,0.6,2284.5,7810.9,466.18,20.72
SUPACEM,28,0.6,2306.4,7810.9,549.99,24.44
GHACEM,7,0.6,2337.6,7810.9,342.75,15.23
SUPACEM,14,0.6,2344.9,7810.9,415.01,18.44
GHACEM,28,0.6,2341.1,7810.9,571.06,25.38
SUPACEM,7,0.6,2334.5,7810.9,260.71,11.59
GHACEM,14,0.6,2314.4,7810.9,495.97,22.04
SUPACEM,28,0.6,2315.8,7810.9,529.01,23.51
GHACEM,7,0.6,2322.8,7810.9,353.54,15.71
SUPACEM,14,0.6,2318.0,7810.9,458.18,20.36
GHACEM,28,0.6,2306.8,7810.9,551.17,24.5
SUPACEM,7,0.6,2323.5,7810.9,274.43,12.2
GHACEM,14,0.6,2303.1,7810.9,448.22,19.92
SUPACEM,28,0.6,2322.9,7810.9,553.59,24.6
GHACEM,7,0.6,2316.5,7810.9,350.98,15.6
SUPACEM,14,0.6,2320.7,7810.9,457.79,20.35
GHACEM,28,0.6,2332.4,7810.9,567.14,25.21
SUPACEM,7,0.6,2324.0,7810.9,281.52,12.51
GHACEM,14,0.6,2347.9,7810.9,496.87,22.08
SUPACEM,28,0.6,2352.7,7810.9,550.74,24.48
GHACEM,7,0.6,2304.2,7810.9,322.09,14.32
SUPACEM,14,0.6,2309.7,7810.9,419.76,18.66
GHACEM,28,0.6,2302.0,7810.9,582.28,25.88
SUPACEM,7,0.6,2316.0,7810.9,251.43,11.17
GHACEM,14,0.6,2323.8,7810.9,445.95,19.82
SUPACEM,28,0.6,2324.1,7810.9,564.59,25.09
GHACEM,7,0.6,2313.2,7810.9,337.87,15.02
SUPACEM,14,0.6,2323.2,7810.9,432.72,19.23
GHACEM,28,0.6,2320.0,7810.9,614.5,27.31
SUPACEM,7,0.6,2331.7,7810.9,269.04,11.96
GHACEM,14,0.6,2324.1,7810.9,449.88,19.99
SUPACEM,28,0.6,2285.0,7810.9,511.75,22.74
GHACEM,7,0.6,2316.9,7810.9,330.6,14.69
SUPACEM,14,0.6,2330.6,7810.9,424.32,18.86
GHACEM,28,0.6,2301.6,7810.9,528.75,23.5
SUPACEM,7,0.6,2300.6,7810.9,285.78,12.7
GHACEM,14,0.6,2305.8,7810.9,462.43,20.55
SUPACEM,28,0.6,2311.6,7810.9,532.81,23.68
GHACEM,7,0.6,2338.6,7810.9,324.45,14.42
SUPACEM,14,0.6,2303.6,7810.9,451.03,20.05
GHACEM,28,0.6,2328.0,7810.9,591.46,26.29
SUPACEM,7,0.6,2324.8,7810.9,275.09,12.23
GHACEM,14,0.6,2330.3,7810.9,457.57,20.34
SUPACEM,28,0.6,2322.9,7810.9,586.14,26.05
GHACEM,7,0.6,2325.3,7810.9,334.89,14.88
SUPACEM,14,0.6,2315.8,7810.9,459.38,20.42
GHACEM,28,0.6,2310.4,7810.9,625.16,27.78
SUPACEM,7,0.6,2320.2,7810.9,264.34,11.75
GHACEM,14,0.6,2334.3,7810.9,487.77,21.68
SUPACEM,28,0.6,2335.4,7810.9,545.42,24.24
GHACEM,7,0.6,2315.0,7810.9,339.18,15.07
SUPACEM,14,0.6,2304.7,7810.9,434.97,19.33
GHACEM,28,0.6,2347.0,7810.9,568.61,25.27
SUPACEM,7,0.6,2293.0,7810.9,276.28,12.28
GHACEM,14,0.6,2327.5,7810.9,476.58,21.18
SUPACEM,28,0.6,2312.2,7810.9,557.53,24.78
GHACEM,7,0.6,2322.0,7810.9,346.74,15.41
SUPACEM,14,0.6,2325.7,7810.9,438.68,19.5
GHACEM,28,0.6,2311.7,7810.9,541.55,24.07
SUPACEM,7,0.6,2301.3,7810.9,269.96,12.0
GHACEM,14,0.6,2320.7,7810.9,445.07,19.78
SUPACEM,28,0.6,2324.2,7810.9,608.35,27.04
GHACEM,7,0.6,2304.0,7810.9,314.37,13.97
SUPACEM,14,0.6,2323.9,7810.9,439.38,19.53
GHACEM,28,0.6,2336.0,7810.9,617.17,27.43
SUPACEM,7,0.6,2341.3,7810.9,269.51,11.98
GHACEM,14,0.6,2316.8,7810.9,462.05,20.54
SUPACEM,28,0.6,2317.3,7810.9,573.65,25.5
GHACEM,7,0.6,2301.8,7810.9,324.43,14.42
SUPACEM,14,0.6,2324.8,7810.9,421.18,18.72
GHACEM,28,0.6,2303.3,7810.9,548.09,24.36
SUPACEM,7,0.6,2318.4,7810.9,272.02,12.09
GHACEM,14,0.6,2337.1,7810.9,468.25,20.81
SUPACEM,28,0.6,2310.3,7810.9,558.87,24.84
GHACEM,7,0.6,2317.5,7810.9,319.41,14.2
SUPACEM,14,0.6,2292.5,7810.9,405.28,18.01
GHACEM,28,0.6,2322.8,7810.9,574.84,25.55
SUPACEM,7,0.6,2329.4,7810.9,269.03,11.96
GHACEM,14,0.6,2295.2,7810.9,427.05,18.98
SUPACEM,28,0.6,2327.9,7810.9,543.49,24.15
GHACEM,7,0.6,2310.8,7810.9,364.59,16.2
SUPACEM,14,0.6,2312.1,7810.9,424.98,18.89
GHACEM,28,0.6,2315.6,7810.9,613.5,27.27
SUPACEM,7,0.6,2319.5,7810.9,271.53,12.07
GHACEM,14,0.6,2311.8,7810.9,465.12,20.67
SUPACEM,28,0.6,2339.7,7810.9,549.54,24.42
GHACEM,7,0.6,2327.2,7810.9,319.12,14.18
SUPACEM,14,0.6,2309.9,7810.9,470.55,20.91
GHACEM,28,0.6,2305.6,7810.9,570.16,25.34
SUPACEM,7,0.6,2323.1,7810.9,252.22,11.21
GHACEM,14,0.6,2343.9,7810.9,480.28,21.35
SUPACEM,28,0.6,2315.8,7810.9,535.56,23.8
GHACEM,7,0.6,2318.3,7810.9,328.34,14.59
SUPACEM,14,0.6,2317.3,7810.9,425.57,18.91
GHACEM,28,0.6,2302.5,7810.9,592.89,26.35
SUPACEM,7,0.6,2307.4,7810.9,270.76,12.03
GHACEM,14,0.6,2320.4,7810.9,459.78,20.43
SUPACEM,28,0.6,2327.4,7810.9,557.44,24.78
GHACEM,7,0.6,2318.6,7810.9,305.1,13.56
SUPACEM,14,0.6,2331.9,7810.9,417.91,18.57
GHACEM,28,0.6,2325.4,7810.9,578.19,25.7
SUPACEM,7,0.6,2322.8,7810.9,255.64,11.36
GHACEM,14,0.6,2332.3,7810.9,452.74,20.12
SUPACEM,28,0.6,2327.4,7810.9,570.89,25.37
GHACEM,7,0.6,2301.6,7810.9,330.3,14.68
SUPACEM,14,0.6,2343.2,7810.9,434.34,19.3
GHACEM,28,0.6,2296.7,7810.9,613.79,27.28
SUPACEM,7,0.6,2328.5,7810.9,289.1,12.85
GHACEM,14,0.6,2316.9,7810.9,445.18,19.79
SUPACEM,28,0.6,2336.5,7810.9,550.11,24.45
GHACEM,7,0.6,2315.2,7810.9,328.44,14.6
SUPACEM,14,0.6,2346.9,7810.9,461.26,20.5
GHACEM,28,0.6,2325.2,7810.9,588.38,26.15
SUPACEM,7,0.6,2332.5,7810.9,255.81,11.37
GHACEM,14,0.6,2334.4,7810.9,461.98,20.53
SUPACEM,28,0.6,2346.4,7810.9,547.33,24.33
GHACEM,7,0.6,2333.0,7810.9,343.52,15.27
SUPACEM,14,0.6,2325.3,7810.9,416.63,18.52
GHACEM,28,0.6,2362.8,7810.9,619.95,27.55
SUPACEM,7,0.6,2327.6,7810.9,285.91,12.71
GHACEM,14,0.6,2347.6,7810.9,465.67,20.7
SUPACEM,28,0.6,2326.0,7810.9,540.05,24.0
GHACEM,7,0.6,2323.1,7810.9,340.79,15.15
SUPACEM,14,0.6,2337.9,7810.9,423.54,18.82
GHACEM,28,0.6,2321.8,7810.9,583.15,25.92
SUPACEM,7,0.6,2336.6,7810.9,270.56,12.02
GHACEM,14,0.6,2312.1,7810.9,482.12,21.43
SUPACEM,28,0.6,2330.3,7810.9,554.34,24.64
GHACEM,7,0.6,2315.7,7810.9,342.64,15.23
SUPACEM,14,0.6,2334.3,7810.9,425.91,18.93
GHACEM,28,0.6,2336.2,7810.9,586.93,26.09
SUPACEM,7,0.6,2322.8,7810.9,286.42,12.73
GHACEM,14,0.6,2318.4,7810.9,475.12,21.12
SUPACEM,28,0.6,2299.3,7810.9,560.63,24.92
GHACEM,7,0.6,2346.3,7810.9,328.64,14.61
SUPACEM,14,0.6,2328.8,7810.9,440.56,19.58
GHACEM,28,0.6,2301.0,7810.9,570.42,25.35
SUPACEM,7,0.6,2322.4,7810.9,269.83,11.99
GHACEM,14,0.6,2333.6,7810.9,478.42,21.26
SUPACEM,28,0.6,2278.5,7810.9,570.99,25.38
GHACEM,7,0.6,2315.8,7810.9,312.15,13.87
SUPACEM,14,0.6,2329.3,7810.9,437.83,19.46
GHACEM,28,0.6,2326.7,7810.9,562.28,24.99
SUPACEM,7,0.6,2301.3,7810.9,291.76,12.97
GHACEM,14,0.6,2320.6,7810.9,507.46,22.55
SUPACEM,28,0.6,2326.7,7810.9,575.53,25.58
GHACEM,7,0.6,2319.6,7810.9,341.91,15.2
SUPACEM,14,0.6,2326.4,7810.9,420.2,18.68
GHACEM,28,0.6,2297.1,7810.9,599.67,26.65
SUPACEM,7,0.6,2324.3,7810.9,284.96,12.66
GHACEM,14,0.6,2317.3,7810.9,444.27,19.75
SUPACEM,28,0.6,2331.8,7810.9,577.07,25.65
GHACEM,7,0.6,2308.3,7810.9,308.58,13.71
SUPACEM,14,0.6,2320.2,7810.9,428.03,19.02
GHACEM,28,0.6,2346.1,7810.9,587.51,26.11
SUPACEM,7,0.6,2298.4,7810.9,274.05,12.18
GHACEM,14,0.6,2337.4,7810.9,475.15,21.12
SUPACEM,28,0.6,2335.4,7810.9,559.75,24.88
GHACEM,7,0.6,2302.0,7810.9,331.16,14.72
SUPACEM,14,0.6,2319.2,7810.9,400.9,17.82
GHACEM,28,0.6,2323.6,7810.9,595.2,26.45
SUPACEM,7,0.6,2342.6,7810.9,269.44,11.97
GHACEM,14,0.6,2324.3,7810.9,471.28,20.95
SUPACEM,28,0.6,2313.9,7810.9,581.59,25.85
GHACEM,7,0.6,2321.5,7810.9,322.42,14.33
SUPACEM,14,0.6,2323.0,7810.9,419.02,18.62
GHACEM,28,0.6,2300.3,7810.9,596.38,26.51
SUPACEM,7,0.6,2329.7,7810.9,265.09,11.78
GHACEM,14,0.6,2299.7,7810.9,474.59,21.09
SUPACEM,28,0.6,2298.4,7810.9,548.3,24.37
GHACEM,7,0.6,2319.6,7810.9,342.54,15.22
SUPACEM,14,0.6,2317.9,7810.9,446.14,19.83
GHACEM,28,0.6,2323.5,7810.9,589.08,26.18
SUPACEM,7,0.6,2314.5,7810.9,277.43,12.33
GHACEM,14,0.6,2305.0,7810.9,465.16,20.67
SUPACEM,28,0.6,2324.5,7810.9,578.32,25.7
GHACEM,7,0.6,2301.1,7810.9,324.98,14.44
SUPACEM,14,0.6,2309.0,7810.9,409.84,18.21
GHACEM,28,0.6,2331.6,7810.9,565.21,25.12
SUPACEM,7,0.6,2330.4,7810.9,269.97,12.0
GHACEM,14,0.6,2308.4,7810.9,501.82,22.3
SUPACEM,28,0.6,2319.2,7810.9,526.36,23.39
GHACEM,7,0.6,2319.9,7810.9,331.03,14.71
SUPACEM,14,0.6,2335.7,7810.9,417.02,18.53
GHACEM,28,0.6,2285.1,7810.9,588.72,26.17
SUPACEM,7,0.6,2323.6,7810.9,284.2,12.63
GHACEM,14,0.6,2321.1,7810.9,476.5,21.18
SUPACEM,28,0.6,2313.2,7810.9,601.81,26.75
GHACEM,7,0.6,2305.6,7810.9,332.89,14.8
SUPACEM,14,0.6,2318.4,7810.9,448.16,19.92
GHACEM,28,0.6,2305.3,7810.9,596.53,26.51
SUPACEM,7,0.6,2313.2,7810.9,255.82,11.37
GHACEM,14,0.6,2289.5,7810.9,453.45,20.15
SUPACEM,28,0.6,2335.9,7810.9,575.56,25.58
GHACEM,7,0.6,2329.2,7810.9,330.05,14.67
SUPACEM,14,0.6,2329.6,7810.9,426.81,18.97
GHACEM,28,0.6,2325.1,7810.9,574.93,25.55
SUPACEM,7,0.6,2342.7,7810.9,256.47,11.4
GHACEM,14,0.6,2304.7,7810.9,450.69,20.03
SUPACEM,28,0.6,2333.5,7810.9,546.02,24.27
GHACEM,7,0.6,2303.2,7810.9,314.98,14.0
SUPACEM,14,0.6,2314.8,7810.9,455.87,20.26
GHACEM,28,0.6,2331.9,7810.9,611.7,27.19
SUPACEM,7,0.6,2349.7,7810.9,276.1,12.27
GHACEM,14,0.6,2316.9,7810.9,499.1,22.18
SUPACEM,28,0.6,2322.5,7810.9,626.62,27.85
GHACEM,7,0.6,2321.5,7810.9,333.52,14.82
SUPACEM,14,0.6,2307.9,7810.9,420.2,18.68
GHACEM,28,0.6,2321.6,7810.9,631.91,28.09
SUPACEM,7,0.6,2338.9,7810.9,277.97,12.35
GHACEM,14,0.6,2323.4,7810.9,468.98,20.84
SUPACEM,28,0.6,2334.8,7810.9,576.65,25.63
GHACEM,7,0.6,2334.3,7810.9,351.62,15.63
SUPACEM,14,0.6,2314.3,7810.9,465.61,20.69
GHACEM,28,0.6,2309.5,7810.9,597.88,26.57
SUPACEM,7,0.6,2335.8,7810.9,256.89,11.42
GHACEM,14,0.6,2313.5,7810.9,446.6,19.85
SUPACEM,28,0.6,2313.9,7810.9,576.7,25.63
GHACEM,7,0.6,2307.1,7810.9,309.5,13.76
SUPACEM,14,0.6,2324.0,7810.9,442.46,19.66
GHACEM,28,0.6,2320.8,7810.9,607.88,27.02
SUPACEM,7,0.6,2288.3,7810.9,273.31,12.15
GHACEM,14,0.6,2336.2,7810.9,464.88,20.66
SUPACEM,28,0.6,2331.5,7810.9,569.76,25.32
GHACEM,7,0.6,2360.9,7810.9,333.34,14.82
SUPACEM,14,0.6,2318.3,7810.9,483.98,21.51
GHACEM,28,0.6,2306.9,7810.9,558.66,24.83
SUPACEM,7,0.6,2317.4,7810.9,263.58,11.71
GHACEM,14,0.6,2329.9,7810.9,447.76,19.9
SUPACEM,28,0.6,2329.3,7810.9,575.02,25.56
GHACEM,7,0.6,2301.0,7810.9,316.97,14.09
SUPACEM,14,0.6,2316.5,7810.9,444.99,19.78
GHACEM,28,0.6,2300.6,7810.9,554.09,24.63
SUPACEM,7,0.6,2316.9,7810.9,281.2,12.5
GHACEM,14,0.6,2307.0,7810.9,460.69,20.48
SUPACEM,28,0.6,2287.9,7810.9,567.03,25.2
GHACEM,7,0.6,2323.1,7810.9,323.46,14.38
SUPACEM,14,0.6,2312.5,7810.9,398.06,17.69
GHACEM,28,0.6,2317.4,7810.9,579.21,25.74
SUPACEM,7,0.6,2337.2,7810.9,268.02,11.91
GHACEM,14,0.6,2285.4,7810.9,450.35,20.02
SUPACEM,28,0.6,2341.0,7810.9,547.85,24.35
GHACEM,7,0.6,2314.8,7810.9,374.25,16.63
SUPACEM,14,0.6,2310.8,7810.9,431.95,19.2
GHACEM,28,0.6,2314.0,7810.9,557.98,24.8
SUPACEM,7,0.6,2321.5,7810.9,262.43,11.66
GHACEM,14,0.6,2325.2,7810.9,465.68,20.7
SUPACEM,28,0.6,2335.5,7810.9,523.26,23.26
GHACEM,7,0.6,2309.8,7810.9,328.44,14.6
SUPACEM,14,0.6,2320.1,7810.9,440.32,19.57
GHACEM,28,0.6,2322.0,7810.9,571.33,25.39
SUPACEM,7,0.6,2338.6,7810.9,272.54,12.11
GHACEM,14,0.6,2341.8,7810.9,441.32,19.61
SUPACEM,28,0.6,2326.6,7810.9,591.21,26.28
GHACEM,7,0.6,2294.5,7810.9,322.21,14.32
SUPACEM,14,0.6,2296.6,7810.9,395.53,17.58
GHACEM,28,0.6,2334.5,7810.9,584.84,25.99
SUPACEM,7,0.6,2306.3,7810.9,280.73,12.48
GHACEM,14,0.6,2320.4,7810.9,484.3,21.52
SUPACEM,28,0.6,2302.4,7810.9,600.02,26.67
GHACEM,7,0.6,2339.5,7810.9,316.56,14.07
SUPACEM,14,0.6,2335.5,7810.9,434.31,19.3
GHACEM,28,0.6,2322.9,7810.9,562.76,25.01
SUPACEM,7,0.6,2326.6,7810.9,291.19,12.94
GHACEM,14,0.6,2316.7,7810.9,497.14,22.09
SUPACEM,28,0.6,2302.5,7810.9,553.4,24.6
GHACEM,7,0.6,2329.3,7810.9,346.48,15.4
SUPACEM,14,0.6,2308.4,7810.9,430.93,19.15
GHACEM,28,0.6,2293.6,7810.9,557.03,24.76
SUPACEM,7,0.6,2320.7,7810.9,258.44,11.49
GHACEM,14,0.6,2309.4,7810.9,449.41,19.97
SUPACEM,28,0.6,2338.8,7810.9,554.43,24.64
GHACEM,7,0.6,2326.4,7810.9,324.59,14.43
SUPACEM,14,0.6,2328.7,7810.9,465.11,20.67
GHACEM,28,0.6,2332.6,7810.9,579.87,25.77
SUPACEM,7,0.6,2331.0,7810.9,253.61,11.27
GHACEM,14,0.6,2313.5,7810.9,464.58,20.65
SUPACEM,28,0.6,2332.9,7810.9,521.85,23.19
GHACEM,7,0.6,2305.2,7810.9,351.46,15.62
SUPACEM,14,0.6,2302.5,7810.9,452.5,20.11
GHACEM,28,0.6,2347.7,7810.9,577.44,25.66
SUPACEM,7,0.6,2320.0,7810.9,267.5,11.89
GHACEM,14,0.6,2292.1,7810.9,466.06,20.71
SUPACEM,28,0.6,2301.7,7810.9,587.82,26.13
GHACEM,7,0.6,2298.8,7810.9,313.16,13.92
SUPACEM,14,0.6,2343.8,7810.9,442.38,19.66
GHACEM,28,0.6,2349.9,7810.9,606.63,26.96
SUPACEM,7,0.6,2318.0,7810.9,277.81,12.35
GHACEM,14,0.6,2329.6,7810.9,494.54,21.98
SUPACEM,28,0.6,2337.2,7810.9,563.87,25.06
GHACEM,7,0.6,2324.4,7810.9,305.31,13.57
SUPACEM,14,0.6,2331.0,7810.9,457.66,20.34
GHACEM,28,0.6,2312.1,7810.9,615.18,27.34
SUPACEM,7,0.6,2328.3,7810.9,242.72,10.79
GHACEM,14,0.6,2291.3,7810.9,511.51,22.73
SUPACEM,28,0.6,2297.9,7810.9,570.02,25.33
GHACEM,7,0.6,2309.2,7810.9,346.03,15.38
SUPACEM,14,0.6,2315.5,7810.9,412.29,18.32
GHACEM,28,0.6,2288.7,7810.9,582.2,25.88
SUPACEM,7,0.6,2312.5,7810.9,283.04,12.58
GHACEM,14,0.6,2323.2,7810.9,457.13,20.32
SUPACEM,28,0.6,2321.5,7810.9,529.05,23.51
GHACEM,7,0.6,2313.3,7810.9,329.66,14.65
SUPACEM,14,0.6,2326.8,7810.9,435.89,19.37
GHACEM,28,0.6,2343.0,7810.9,611.16,27.16
SUPACEM,7,0.6,2312.5,7810.9,281.27,12.5
GHACEM,14,0.6,2311.9,7810.9,440.24,19.57
SUPACEM,28,0.6,2330.0,7810.9,576.01,25.6
GHACEM,7,0.6,2331.7,7810.9,356.86,15.86
SUPACEM,14,0.6,2338.2,7810.9,444.65,19.76
GHACEM,28,0.6,2286.8,7810.9,595.54,26.47
SUPACEM,7,0.6,2311.1,7810.9,272.53,12.11
GHACEM,14,0.6,2318.2,7810.9,470.23,20.9
SUPACEM,28,0.6,2311.1,7810.9,556.75,24.74
GHACEM,7,0.6,2321.0,7810.9,325.89,14.48
SUPACEM,14,0.6,2305.1,7810.9,422.95,18.8
GHACEM,28,0.6,2309.5,7810.9,600.28,26.68
SUPACEM,7,0.6,2299.2,7810.9,255.56,11.36
GHACEM,14,0.6,2297.5,7810.9,482.86,21.46
SUPACEM,28,0.6,2309.7,7810.9,554.69,24.65
GHACEM,7,0.6,2318.4,7810.9,359.46,15.98
SUPACEM,14,0.6,2310.0,7810.9,405.94,18.04
GHACEM,28,0.6,2308.9,7810.9,582.4,25.88
SUPACEM,7,0.6,2296.0,7810.9,262.83,11.68
GHACEM,14,0.6,2324.8,7810.9,520.08,23.11
SUPACEM,28,0.6,2316.3,7810.9,553.95,24.62
GHACEM,7,0.6,2323.8,7810.9,325.94,14.49
SUPACEM,14,0.6,2314.5,7810.9,451.38,20.06
GHACEM,28,0.6,2327.4,7810.9,585.94,26.04
SUPACEM,7,0.6,2321.1,7810.9,265.84,11.82
GHACEM,14,0.6,2323.2,7810.9,481.71,21.41
SUPACEM,28,0.6,2317.6,7810.9,561.36,24.95
GHACEM,7,0.6,2325.2,7810.9,336.51,14.96
SUPACEM,14,0.6,2303.9,7810.9,416.17,18.5
GHACEM,28,0.6,2344.2,7810.9,584.1,25.96
SUPACEM,7,0.6,2312.4,7810.9,266.2,11.83
GHACEM,14,0.6,2304.8,7810.9,457.91,20.35
SUPACEM,28,0.6,2327.9,7810.9,580.95,25.82
GHACEM,7,0.6,2312.2,7810.9,313.12,13.92
SUPACEM,14,0.6,2342.6,7810.9,413.58,18.38
GHACEM,28,0.6,2304.7,7810.9,600.52,26.69
SUPACEM,7,0.6,2328.4,7810.9,279.91,12.44
GHACEM,14,0.6,2340.0,7810.9,460.16,20.45
SUPACEM,28,0.6,2330.8,7810.9,545.46,24.24
GHACEM,7,0.6,2313.8,7810.9,323.64,14.38
SUPACEM,14,0.6,2332.4,7810.9,399.55,17.76
GHACEM,28,0.6,2319.5,7810.9,544.7,24.21
SUPACEM,7,0.6,2321.1,7810.9,258.78,11.5
GHACEM,14,0.6,2298.6,7810.9,489.25,21.74
SUPACEM,28,0.6,2322.2,7810.9,566.11,25.16
GHACEM,7,0.6,2318.8,7810.9,313.88,13.95
SUPACEM,14,0.6,2311.5,7810.9,426.27,18.95
GHACEM,28,0.6,2292.4,7810.9,568.51,25.27
SUPACEM,7,0.6,2318.4,7810.9,236.2,10.5
GHACEM,14,0.6,2319.7,7810.9,439.15,19.52
SUPACEM,28,0.6,2311.4,7810.9,560.39,24.91
GHACEM,7,0.6,2299.4,7810.9,324.42,14.42
SUPACEM,14,0.6,2330.0,7810.9,428.14,19.03
GHACEM,28,0.6,2316.6,7810.9,589.16,26.18
SUPACEM,7,0.6,2299.5,7810.9,270.03,12.0
GHACEM,14,0.6,2345.0,7810.9,478.05,21.25
SUPACEM,28,0.6,2330.0,7810.9,554.8,24.66
GHACEM,7,0.6,2325.9,7810.9,314.11,13.96
SUPACEM,14,0.6,2337.6,7810.9,414.01,18.4
GHACEM,28,0.6,2325.2,7810.9,571.61,25.41
SUPACEM,7,0.6,2338.0,7810.9,264.31,11.75
GHACEM,14,0.6,2339.8,7810.9,436.49,19.4
SUPACEM,28,0.6,2314.8,7810.9,561.4,24.95
GHACEM,7,0.6,2301.5,7810.9,302.46,13.44
SUPACEM,14,0.6,2283.8,7810.9,456.0,20.27
GHACEM,28,0.6,2329.6,7810.9,562.54,25.0
SUPACEM,7,0.6,2299.5,7810.9,278.06,12.36
GHACEM,14,0.6,2307.5,7810.9,452.66,20.12
SUPACEM,28,0.6,2326.6,7810.9,587.36,26.1
GHACEM,7,0.6,2325.4,7810.9,339.44,15.09
SUPACEM,14,0.6,2318.2,7810.9,462.69,20.56
GHACEM,28,0.6,2338.6,7810.9,548.68,24.39
SUPACEM,7,0.6,2314.1,7810.9,280.53,12.47
GHACEM,14,0.6,2309.3,7810.9,495.2,22.01
SUPACEM,28,0.6,2317.4,7810.9,564.66,25.1
GHACEM,7,0.6,2323.0,7810.9,308.49,13.71
SUPACEM,14,0.6,2305.0,7810.9,446.82,19.86
GHACEM,28,0.6,2324.6,7810.9,553.01,24.58
SUPACEM,7,0.6,2339.6,7810.9,281.56,12.51
GHACEM,14,0.6,2323.3,7810.9,466.12,20.72
SUPACEM,28,0.6,2310.1,7810.9,605.86,26.93
GHACEM,7,0.6,2294.7,7810.9,330.79,14.7
SUPACEM,14,0.6,2324.5,7810.9,436.27,19.39
GHACEM,28,0.6,2315.4,7810.9,608.34,27.04
SUPACEM,7,0.6,2326.9,7810.9,258.55,11.49
GHACEM,14,0.6,2320.4,7810.9,489.82,21.77
SUPACEM,28,0.6,2341.6,7810.9,547.17,24.32
GHACEM,7,0.6,2293.2,7810.9,334.05,14.85
SUPACEM,14,0.6,2342.5,7810.9,436.8,19.41
GHACEM,28,0.6,2322.0,7810.9,577.08,25.65
SUPACEM,7,0.6,2328.0,7810.9,257.96,11.46
GHACEM,14,0.6,2320.6,7810.9,477.87,21.24
SUPACEM,28,0.6,2305.9,7810.9,549.28,24.41
GHACEM,7,0.6,2310.9,7810.9,319.83,14.21
SUPACEM,14,0.6,2325.7,7810.9,456.08,20.27
GHACEM,28,0.6,2314.9,7810.9,561.46,24.95
SUPACEM,7,0.6,2314.4,7810.9,266.29,11.83
GHACEM,14,0.6,2333.9,7810.9,497.34,22.1
SUPACEM,28,0.6,2296.5,7810.9,528.84,23.5
GHACEM,7,0.6,2305.8,7810.9,319.37,14.19
SUPACEM,14,0.6,2337.2,7810.9,438.98,19.51
GHACEM,28,0.6,2321.9,7810.9,576.18,25.61
SUPACEM,7,0.6,2328.2,7810.9,290.34,12.9
GHACEM,14,0.6,2331.0,7810.9,439.96,19.55
SUPACEM,28,0.6,2331.8,7810.9,566.0,25.16
GHACEM,7,0.6,2346.1,7810.9,310.84,13.82
SUPACEM,14,0.6,2320.2,7810.9,394.83,17.55
GHACEM,28,0.6,2296.8,7810.9,602.26,26.77
SUPACEM,7,0.6,2315.6,7810.9,273.3,12.15
GHACEM,14,0.6,2313.9,7810.9,465.92,20.71
SUPACEM,28,0.6,2301.9,7810.9,532.34,23.66
GHACEM,7,0.6,2322.9,7810.9,335.67,14.92
SUPACEM,14,0.6,2333.2,7810.9,406.12,18.05
GHACEM,28,0.6,2314.8,7810.9,590.53,26.25
SUPACEM,7,0.6,2321.9,7810.9,274.97,12.22
GHACEM,14,0.6,2327.1,7810.9,480.33,21.35
SUPACEM,28,0.6,2306.2,7810.9,582.28,25.88
GHACEM,7,0.6,2330.9,7810.9,320.69,14.25
SUPACEM,14,0.6,2315.8,7810.9,433.49,19.27
GHACEM,28,0.6,2312.6,7810.9,521.32,23.17
SUPACEM,7,0.6,2325.6,7810.9,268.42,11.93
GHACEM,14,0.6,2312.1,7810.9,458.45,20.38
SUPACEM,28,0.6,2303.4,7810.9,571.07,25.38
GHACEM,7,0.6,2322.5,7810.9,296.41,13.17
SUPACEM,14,0.6,2312.2,7810.9,432.7,19.23
GHACEM,28,0.6,2296.2,7810.9,575.76,25.59
SUPACEM,7,0.6,2302.9,7810.9,236.1,10.49
GHACEM,14,0.6,2343.6,7810.9,465.11,20.67
SUPACEM,28,0.6,2332.2,7810.9,584.83,25.99
GHACEM,7,0.6,2316.9,7810.9,307.19,13.65
SUPACEM,14,0.6,2305.2,7810.9,440.65,19.58
GHACEM,28,0.6,2322.7,7810.9,600.17,26.67
SUPACEM,7,0.6,2338.5,7810.9,268.33,11.93
GHACEM,14,0.6,2352.6,7810.9,454.73,20.21
SUPACEM,28,0.6,2329.1,7810.9,523.72,23.28
GHACEM,7,0.6,2314.7,7810.9,319.74,14.21
SUPACEM,14,0.6,2333.8,7810.9,425.55,18.91
GHACEM,28,0.6,2329.7,7810.9,596.44,26.51
SUPACEM,7,0.6,2335.8,7810.9,289.56,12.87
GHACEM,14,0.6,2326.0,7810.9,472.3,20.99
SUPACEM,28,0.6,2318.0,7810.9,569.61,25.32
GHACEM,7,0.6,2329.4,7810.9,338.78,15.06
SUPACEM,14,0.6,2337.1,7810.9,428.41,19.04
GHACEM,28,0.6,2330.4,7810.9,558.97,24.84
SUPACEM,7,0.6,2323.3,7810.9,285.69,12.7
GHACEM,14,0.6,2330.7,7810.9,405.29,18.01
SUPACEM,28,0.6,2309.9,7810.9,545.87,24.26
GHACEM,7,0.6,2326.1,7810.9,326.55,14.51
SUPACEM,14,0.6,2327.7,7810.9,431.74,19.19
GHACEM,28,0.6,2328.5,7810.9,598.42,26.6
SUPACEM,7,0.6,2323.9,7810.9,258.27,11.48
GHACEM,14,0.6,2340.0,7810.9,433.82,19.28
SUPACEM,28,0.6,2308.1,7810.9,566.24,25.17
GHACEM,7,0.6,2304.7,7810.9,333.51,14.82
SUPACEM,14,0.6,2340.4,7810.9,424.99,18.89
GHACEM,28,0.6,2329.4,7810.9,607.16,26.98
SUPACEM,7,0.6,2333.4,7810.9,274.8,12.21
GHACEM,14,0.6,2320.2,7810.9,481.69,21.41
SUPACEM,28,0.6,2313.9,7810.9,549.96,24.44
GHACEM,7,0.6,2293.3,7810.9,351.51,15.62
SUPACEM,14,0.6,2314.5,7810.9,472.36,20.99
GHACEM,28,0.6,2332.2,7810.9,541.93,24.09
SUPACEM,7,0.6,2329.2,7810.9,243.66,10.83
GHACEM,14,0.6,2326.1,7810.9,431.87,19.19
SUPACEM,28,0.6,2304.7,7810.9,572.34,25.44
GHACEM,7,0.6,2324.4,7810.9,311.32,13.84
SUPACEM,14,0.6,2328.6,7810.9,429.18,19.07
GHACEM,28,0.6,2304.9,7810.9,641.76,28.52
SUPACEM,7,0.6,2323.2,7810.9,257.51,11.44
GHACEM,14,0.6,2335.0,7810.9,497.21,22.1
SUPACEM,28,0.6,2304.0,7810.9,544.32,24.19
GHACEM,7,0.6,2324.8,7810.9,345.78,15.37
SUPACEM,14,0.6,2325.5,7810.9,438.74,19.5
GHACEM,28,0.6,2301.8,7810.9,595.04,26.45
SUPACEM,7,0.6,2314.2,7810.9,276.49,12.29
GHACEM,14,0.6,2328.7,7810.9,476.75,21.19
SUPACEM,28,0.6,2303.5,7810.9,548.63,24.38
GHACEM,7,0.6,2325.9,7810.9,307.75,13.68
SUPACEM,14,0.6,2301.1,7810.9,430.58,19.14
GHACEM,28,0.6,2319.6,7810.9,572.07,25.43
SUPACEM,7,0.6,2344.2,7810.9,256.93,11.42
GHACEM,14,0.6,2345.9,7810.9,503.48,22.38
SUPACEM,28,0.6,2296.6,7810.9,571.54,25.4
GHACEM,7,0.6,2323.9,7810.9,321.88,14.31
SUPACEM,14,0.6,2339.1,7810.9,442.97,19.69
GHACEM,28,0.6,2320.0,7810.9,602.62,26.78
SUPACEM,7,0.6,2320.9,7810.9,271.68,12.07
GHACEM,14,0.6,2305.1,7810.9,455.65,20.25
SUPACEM,28,0.6,2307.6,7810.9,569.63,25.32
GHACEM,7,0.6,2322.1,7810.9,344.09,15.29
SUPACEM,14,0.6,2311.7,7810.9,445.19,19.79
GHACEM,28,0.6,2298.0,7810.9,606.54,26.96
SUPACEM,7,0.6,2313.0,7810.9,266.79,11.86
GHACEM,14,0.6,2330.7,7810.9,493.49,21.93
SUPACEM,28,0.6,2324.8,7810.9,564.95,25.11
GHACEM,7,0.6,2313.2,7810.9,316.48,14.07
SUPACEM,14,0.6,2304.9,7810.9,459.64,20.43
GHACEM,28,0.6,2339.8,7810.9,612.33,27.21
SUPACEM,7,0.6,2324.7,7810.9,277.91,12.35
GHACEM,14,0.6,2317.6,7810.9,462.52,20.56
SUPACEM,28,0.6,2319.1,7810.9,544.17,24.19
GHACEM,7,0.6,2341.2,7810.9,336.35,14.95
SUPACEM,14,0.6,2323.8,7810.9,418.54,18.6
GHACEM,28,0.6,2317.3,7810.9,608.4,27.04
SUPACEM,7,0.6,2323.3,7810.9,266.02,11.82
GHACEM,14,0.6,2323.8,7810.9,468.72,20.83
SUPACEM,28,0.6,2326.8,7810.9,539.49,23.98
GHACEM,7,0.6,2341.6,7810.9,330.0,14.67
SUPACEM,14,0.6,2342.6,7810.9,416.4,18.51
GHACEM,28,0.6,2323.2,7810.9,559.89,24.88
SUPACEM,7,0.6,2326.2,7810.9,263.53,11.71
GHACEM,14,0.6,2343.1,7810.9,444.52,19.76
SUPACEM,28,0.6,2331.9,7810.9,553.24,24.59
GHACEM,7,0.6,2321.8,7810.9,315.96,14.04
SUPACEM,14,0.6,2296.9,7810.9,438.45,19.49
GHACEM,28,0.6,2333.8,7810.9,612.93,27.24
SUPACEM,7,0.6,2323.3,7810.9,253.16,11.25
GHACEM,14,0.6,2303.0,7810.9,469.25,20.86
SUPACEM,28,0.6,2314.5,7810.9,527.11,23.43
GHACEM,7,0.6,2309.0,7810.9,323.34,14.37
SUPACEM,14,0.6,2338.3,7810.9,417.24,18.54
GHACEM,28,0.6,2310.9,7810.9,561.66,24.96
SUPACEM,7,0.6,2340.6,7810.9,304.95,13.55
GHACEM,14,0.6,2301.8,7810.9,445.14,19.78
SUPACEM,28,0.6,2319.6,7810.9,577.45,25.66
GHACEM,7,0.6,2342.5,7810.9,324.27,14.41
SUPACEM,14,0.6,2331.4,7810.9,442.0,19.64
GHACEM,28,0.6,2306.4,7810.9,603.22,26.81
SUPACEM,7,0.6,2305.4,7810.9,286.09,12.72
GHACEM,14,0.6,2322.0,7810.9,469.66,20.87
SUPACEM,28,0.6,2309.6,7810.9,553.17,24.59
GHACEM,7,0.6,2310.1,7810.9,301.52,13.4
SUPACEM,14,0.6,2351.7,7810.9,437.38,19.44
GHACEM,28,0.6,2335.4,7810.9,574.61,25.54
SUPACEM,7,0.6,2340.9,7810.9,266.77,11.86
GHACEM,14,0.6,2330.3,7810.9,447.68,19.9
SUPACEM,28,0.6,2336.2,7810.9,543.71,24.16
GHACEM,7,0.6,2317.5,7810.9,333.7,14.83
SUPACEM,14,0.6,2318.7,7810.9,411.97,18.31
GHACEM,28,0.6,2324.5,7810.9,549.1,24.4
SUPACEM,7,0.6,2329.3,7810.9,266.85,11.86
GHACEM,14,0.6,2302.8,7810.9,450.87,20.04
SUPACEM,28,0.6,2313.9,7810.9,543.8,24.17
GHACEM,7,0.6,2352.4,7810.9,339.67,15.1
SUPACEM,14,0.6,2314.4,7810.9,430.95,19.15
GHACEM,28,0.6,2330.1,7810.9,563.71,25.05
SUPACEM,7,0.6,2304.1,7810.9,284.25,12.63
GHACEM,14,0.6,2331.2,7810.9,462.25,20.54
SUPACEM,28,0.6,2351.7,7810.9,562.39,25.0
GHACEM,7,0.6,2337.8,7810.9,341.09,15.16
SUPACEM,14,0.6,2314.4,7810.9,464.17,20.63
GHACEM,28,0.6,2335.4,7810.9,576.91,25.64
SUPACEM,7,0.6,2330.4,7810.9,264.55,11.76
GHACEM,14,0.6,2323.7,7810.9,445.24,19.79
SUPACEM,28,0.6,2315.4,7810.9,549.01,24.4
GHACEM,7,0.6,2313.8,7810.9,364.59,16.2
SUPACEM,14,0.6,2297.3,7810.9,436.55,19.4
GHACEM,28,0.6,2327.4,7810.9,593.75,26.39
SUPACEM,7,0.6,2321.8,7810.9,270.97,12.04
GHACEM,14,0.6,2306.7,7810.9,482.27,21.43
SUPACEM,28,0.6,2300.1,7810.9,535.77,23.81
GHACEM,7,0.6,2326.8,7810.9,315.89,14.04
SUPACEM,14,0.6,2338.6,7810.9,437.48,19.44
GHACEM,28,0.6,2317.8,7810.9,564.15,25.07
SUPACEM,7,0.6,2326.2,7810.9,287.06,12.76
GHACEM,14,0.6,2310.3,7810.9,476.05,21.16
SUPACEM,28,0.6,2325.9,7810.9,532.7,23.68
GHACEM,7,0.6,2338.8,7810.9,343.21,15.25
SUPACEM,14,0.6,2294.9,7810.9,441.3,19.61
GHACEM,28,0.6,2306.9,7810.9,597.46,26.55
SUPACEM,7,0.6,2308.5,7810.9,284.5,12.64
GHACEM,14,0.6,2331.3,7810.9,484.45,21.53
SUPACEM,28,0.6,2300.2,7810.9,569.26,25.3
GHACEM,7,0.6,2328.8,7810.9,342.65,15.23
SUPACEM,14,0.6,2318.7,7810.9,416.71,18.52
GHACEM,28,0.6,2315.0,7810.9,606.02,26.93
SUPACEM,7,0.6,2323.6,7810.9,279.14,12.41
GHACEM,14,0.6,2313.1,7810.9,501.94,22.31
SUPACEM,28,0.6,2317.2,7810.9,550.2,24.45
GHACEM,7,0.6,2324.0,7810.9,341.93,15.2
SUPACEM,14,0.6,2335.3,7810.9,430.15,19.12
GHACEM,28,0.6,2332.4,7810.9,620.66,27.58
SUPACEM,7,0.6,2291.3,7810.9,282.76,12.57
GHACEM,14,0.6,2343.9,7810.9,449.44,19.98
SUPACEM,28,0.6,2298.0,7810.9,592.1,26.32
GHACEM,7,0.6,2310.3,7810.9,337.43,15.0
SUPACEM,14,0.6,2328.1,7810.9,461.72,20.52
GHACEM,28,0.6,2344.9,7810.9,608.85,27.06
SUPACEM,7,0.6,2312.2,7810.9,256.58,11.4
GHACEM,14,0.6,2302.7,7810.9,471.42,20.95
SUPACEM,28,0.6,2319.5,7810.9,559.82,24.88
GHACEM,7,0.6,2310.9,7810.9,336.11,14.94
SUPACEM,14,0.6,2336.1,7810.9,436.19,19.39
GHACEM,28,0.6,2335.5,7810.9,583.82,25.95
SUPACEM,7,0.6,2321.6,7810.9,279.18,12.41
GHACEM,14,0.6,2322.1,7810.9,496.91,22.08
SUPACEM,28,0.6,2318.8,7810.9,549.96,24.44
GHACEM,7,0.6,2322.2,7810.9,307.58,13.67
SUPACEM,14,0.6,2294.6,7810.9,444.9,19.77
GHACEM,28,0.6,2321.1,7810.9,599.91,26.66
SUPACEM,7,0.6,2310.0,7810.9,267.6,11.89
GHACEM,14,0.6,2311.1,7810.9,494.49,21.98
SUPACEM,28,0.6,2317.4,7810.9,597.18,26.54
GHACEM,7,0.6,2297.8,7810.9,334.57,14.87
SUPACEM,14,0.6,2315.0,7810.9,429.82,19.1
GHACEM,28,0.6,2326.5,7810.9,577.93,25.69
SUPACEM,7,0.6,2323.3,7810.9,275.99,12.27
GHACEM,14,0.6,2323.0,7810.9,499.73,22.21
SUPACEM,28,0.6,2312.5,7810.9,579.32,25.75
GHACEM,7,0.6,2299.1,7810.9,327.33,14.55
SUPACEM,14,0.6,2312.0,7810.9,433.13,19.25
GHACEM,28,0.6,2328.2,7810.9,561.04,24.93
SUPACEM,7,0.6,2322.8,7810.9,272.0,12.09
GHACEM,14,0.6,2340.6,7810.9,463.26,20.59
SUPACEM,28,0.6,2323.8,7810.9,566.45,25.18
GHACEM,7,0.6,2311.7,7810.9,309.4,13.75
SUPACEM,14,0.6,2340.7,7810.9,476.06,21.16
GHACEM,28,0.6,2299.8,7810.9,566.54,25.18
SUPACEM,7,0.6,2325.1,7810.9,252.48,11.22
GHACEM,14,0.6,2326.7,7810.9,443.98,19.73
SUPACEM,28,0.6,2346.4,7810.9,526.71,23.41
GHACEM,7,0.6,2341.9,7810.9,328.93,14.62
SUPACEM,14,0.6,2317.7,7810.9,421.18,18.72
GHACEM,28,0.6,2355.2,7810.9,602.97,26.8
SUPACEM,7,0.6,2318.9,7810.9,275.76,12.26
GHACEM,14,0.6,2344.7,7810.9,444.72,19.77
SUPACEM,28,0.6,2328.3,7810.9,555.89,24.71
GHACEM,7,0.6,2329.4,7810.9,341.06,15.16
SUPACEM,14,0.6,2311.3,7810.9,476.09,21.16
GHACEM,28,0.6,2335.8,7810.9,606.44,26.95
SUPACEM,7,0.6,2322.2,7810.9,271.37,12.06
GHACEM,14,0.6,2324.8,7810.9,483.7,21.5
SUPACEM,28,0.6,2294.3,7810.9,571.85,25.42
GHACEM,7,0.6,2302.4,7810.9,335.48,14.91
SUPACEM,14,0.6,2335.4,7810.9,427.79,19.01
GHACEM,28,0.6,2304.1,7810.9,587.37,26.11
SUPACEM,7,0.6,2313.7,7810.9,283.56,12.6
GHACEM,14,0.6,2329.8,7810.9,434.21,19.3
SUPACEM,28,0.6,2287.8,7810.9,546.76,24.3
GHACEM,7,0.6,2323.7,7810.9,305.88,13.59
SUPACEM,14,0.6,2304.9,7810.9,426.16,18.94
GHACEM,28,0.6,2324.2,7810.9,599.52,26.65
SUPACEM,7,0.6,2310.6,7810.9,264.05,11.74
GHACEM,14,0.6,2353.7,7810.9,470.14,20.9
SUPACEM,28,0.6,2324.2,7810.9,590.57,26.25
GHACEM,7,0.6,2301.1,7810.9,315.5,14.02
SUPACEM,14,0.6,2293.0,7810.9,467.79,20.79
GHACEM,28,0.6,2319.1,7810.9,602.23,26.77
SUPACEM,7,0.6,2325.8,7810.9,279.58,12.43
GHACEM,14,0.6,2333.4,7810.9,429.32,19.08
SUPACEM,28,0.6,2326.5,7810.9,579.2,25.74
GHACEM,7,0.6,2340.4,7810.9,281.18,12.5
SUPACEM,14,0.6,2321.9,7810.9,445.54,19.8
GHACEM,28,0.6,2311.2,7810.9,593.31,26.37
SUPACEM,7,0.6,2310.1,7810.9,262.2,11.65
GHACEM,14,0.6,2319.2,7810.9,478.57,21.27
SUPACEM,28,0.6,2326.3,7810.9,543.61,24.16
GHACEM,7,0.6,2341.2,7810.9,327.44,14.55
SUPACEM,14,0.6,2331.2,7810.9,445.02,19.78
GHACEM,28,0.6,2307.5,7810.9,577.62,25.67
SUPACEM,7,0.6,2315.6,7810.9,264.41,11.75
GHACEM,14,0.6,2316.7,7810.9,439.45,19.53
SUPACEM,28,0.6,2332.9,7810.9,553.83,24.61
GHACEM,7,0.6,2325.2,7810.9,332.89,14.8
SUPACEM,14,0.6,2328.0,7810.9,430.43,19.13
GHACEM,28,0.6,2332.3,7810.9,582.89,25.91
SUPACEM,7,0.6,2327.9,7810.9,267.67,11.9
GHACEM,14,0.6,2313.9,7810.9,462.95,20.58
SUPACEM,28,0.6,2342.7,7810.9,572.11,25.43
GHACEM,7,0.6,2311.7,7810.9,329.0,14.62
SUPACEM,14,0.6,2321.7,7810.9,434.07,19.29
GHACEM,28,0.6,2323.3,7810.9,574.67,25.54
SUPACEM,7,0.6,2330.7,7810.9,273.26,12.14
GHACEM,14,0.6,2324.5,7810.9,449.55,19.98
SUPACEM,28,0.6,2331.6,7810.9,519.72,23.1
GHACEM,7,0.6,2319.9,7810.9,332.61,14.78
SUPACEM,14,0.6,2342.3,7810.9,425.9,18.93
GHACEM,28,0.6,2325.7,7810.9,609.08,27.07
SUPACEM,7,0.6,2323.4,7810.9,272.57,12.11
GHACEM,14,0.6,2355.2,7810.9,499.88,22.22
SUPACEM,28,0.6,2308.7,7810.9,577.61,25.67
GHACEM,7,0.6,2333.3,7810.9,307.1,13.65
SUPACEM,14,0.6,2324.4,7810.9,441.86,19.64
GHACEM,28,0.6,2322.0,7810.9,587.63,26.12
SUPACEM,7,0.6,2302.4,7810.9,274.64,12.21
GHACEM,14,0.6,2345.5,7810.9,482.18,21.43
SUPACEM,28,0.6,2312.9,7810.9,554.58,24.65
GHACEM,7,0.6,2279.5,7810.9,298.71,13.28
SUPACEM,14,0.6,2333.1,7810.9,430.32,19.13
GHACEM,28,0.6,2331.9,7810.9,548.05,24.36
SUPACEM,7,0.6,2332.8,7810.9,267.2,11.88
GHACEM,14,0.6,2350.2,7810.9,477.62,21.23
SUPACEM,28,0.6,2332.3,7810.9,567.5,25.22
GHACEM,7,0.6,2319.0,7810.9,331.09,14.72
SUPACEM,14,0.6,2317.5,7810.9,433.5,19.27
GHACEM,28,0.6,2323.7,7810.9,600.95,26.71
SUPACEM,7,0.6,2306.5,7810.9,291.4,12.95
GHACEM,14,0.6,2337.8,7810.9,469.04,20.85
SUPACEM,28,0.6,2316.2,7810.9,568.59,25.27
GHACEM,7,0.6,2330.5,7810.9,322.04,14.31
SUPACEM,14,0.6,2318.0,7810.9,431.24,19.17
GHACEM,28,0.6,2320.6,7810.9,593.77,26.39
SUPACEM,7,0.6,2326.4,7810.9,273.48,12.15
GHACEM,14,0.6,2313.4,7810.9,476.94,21.2
SUPACEM,28,0.6,2337.0,7810.9,586.75,26.08
GHACEM,7,0.6,2316.0,7810.9,328.88,14.62
SUPACEM,14,0.6,2296.9,7810.9,466.7,20.74
GHACEM,28,0.6,2313.5,7810.9,556.04,24.71
SUPACEM,7,0.6,2329.0,7810.9,273.66,12.16
GHACEM,14,0.6,2334.7,7810.9,476.13,21.16
SUPACEM,28,0.6,2319.8,7810.9,538.4,23.93
GHACEM,7,0.6,2309.1,7810.9,335.78,14.92
SUPACEM,14,0.6,2354.4,7810.9,447.13,19.87
GHACEM,28,0.6,2323.8,7810.9,593.21,26.36
SUPACEM,7,0.6,2321.9,7810.9,267.61,11.89
GHACEM,14,0.6,2323.8,7810.9,444.31,19.75
SUPACEM,28,0.6,2329.3,7810.9,540.21,24.01
GHACEM,7,0.6,2335.0,7810.9,345.38,15.35
SUPACEM,14,0.6,2325.1,7810.9,421.49,18.73
GHACEM,28,0.6,2321.5,7810.9,592.11,26.32
SUPACEM,7,0.6,2324.9,7810.9,268.6,11.94
GHACEM,14,0.6,2337.0,7810.9,459.0,20.4
SUPACEM,28,0.6,2299.4,7810.9,566.02,25.16
GHACEM,7,0.6,2324.4,7810.9,347.3,15.44
SUPACEM,14,0.6,2295.8,7810.9,435.02,19.33
GHACEM,28,0.6,2317.1,7810.9,610.21,27.12
SUPACEM,7,0.6,2312.1,7810.9,270.68,12.03
GHACEM,14,0.6,2328.3,7810.9,452.47,20.11
SUPACEM,28,0.6,2327.2,7810.9,566.1,25.16
GHACEM,7,0.6,2339.4,7810.9,350.17,15.56
SUPACEM,14,0.6,2326.3,7810.9,436.88,19.42
GHACEM,28,0.6,2315.1,7810.9,574.2,25.52
SUPACEM,7,0.6,2312.8,7810.9,300.01,13.33
GHACEM,14,0.6,2355.9,7810.9,460.52,20.47
SUPACEM,28,0.6,2312.5,7810.9,564.79,25.1
GHACEM,7,0.6,2312.0,7810.9,330.85,14.7
SUPACEM,14,0.6,2312.8,7810.9,417.29,18.55
GHACEM,28,0.6,2328.6,7810.9,596.34,26.5
SUPACEM,7,0.6,2337.1,7810.9,266.52,11.85
GHACEM,14,0.6,2326.0,7810.9,460.36,20.46
SUPACEM,28,0.6,2317.6,7810.9,569.21,25.3
GHACEM,7,0.6,2325.9,7810.9,349.69,15.54
SUPACEM,14,0.6,2315.0,7810.9,464.35,20.64
GHACEM,28,0.6,2312.3,7810.9,586.29,26.06
SUPACEM,7,0.6,2292.7,7810.9,277.21,12.32
GHACEM,14,0.6,2322.4,7810.9,475.37,21.13
SUPACEM,28,0.6,2313.7,7810.9,569.44,25.31
GHACEM,7,0.6,2313.8,7810.9,318.03,14.13
SUPACEM,14,0.6,2300.8,7810.9,411.47,18.29
GHACEM,28,0.6,2331.7,7810.9,579.32,25.75
SUPACEM,7,0.6,2334.3,7810.9,282.17,12.54
GHACEM,14,0.6,2322.7,7810.9,470.43,20.91
SUPACEM,28,0.6,2364.7,7810.9,508.32,22.59
GHACEM,7,0.6,2317.0,7810.9,326.0,14.49
SUPACEM,14,0.6,2318.2,7810.9,440.5,19.58
GHACEM,28,0.6,2328.6,7810.9,578.49,25.71
SUPACEM,7,0.6,2337.5,7810.9,275.21,12.23
GHACEM,14,0.6,2352.3,7810.9,458.88,20.39
SUPACEM,28,0.6,2307.9,7810.9,536.61,23.85
GHACEM,7,0.6,2320.2,7810.9,332.48,14.78
SUPACEM,14,0.6,2319.4,7810.9,439.91,19.55
GHACEM,28,0.6,2318.4,7810.9,611.4,27.17
SUPACEM,7,0.6,2328.7,7810.9,274.73,12.21
GHACEM,14,0.6,2313.9,7810.9,436.49,19.4
SUPACEM,28,0.6,2312.2,7810.9,549.13,24.41
GHACEM,7,0.6,2290.0,7810.9,315.61,14.03
SUPACEM,14,0.6,2332.6,7810.9,446.91,19.86
GHACEM,28,0.6,2304.0,7810.9,557.88,24.79
SUPACEM,7,0.6,2297.4,7810.9,291.51,12.96
GHACEM,14,0.6,2299.0,7810.9,462.74,20.57
SUPACEM,28,0.6,2311.7,7810.9,573.54,25.49
GHACEM,7,0.6,2333.8,7810.9,337.81,15.01
SUPACEM,14,0.6,2337.1,7810.9,431.41,19.17
GHACEM,28,0.6,2290.7,7810.9,601.81,26.75
SUPACEM,7,0.6,2323.7,7810.9,296.95,13.2
GHACEM,14,0.6,2305.1,7810.9,459.47,20.42
SUPACEM,28,0.6,2339.2,7810.9,605.04,26.89
GHACEM,7,0.6,2318.2,7810.9,337.31,14.99
SUPACEM,14,0.6,2291.3,7810.9,442.78,19.68
GHACEM,28,0.6,2311.0,7810.9,570.2,25.34
SUPACEM,7,0.6,2310.7,7810.9,276.67,12.3
GHACEM,14,0.6,2334.7,7810.9,497.66,22.12
SUPACEM,28,0.6,2310.7,7810.9,569.23,25.3
GHACEM,7,0.6,2333.8,7810.9,312.92,13.91
SUPACEM,14,0.6,2293.8,7810.9,431.99,19.2
GHACEM,28,0.6,2295.9,7810.9,588.4,26.15
SUPACEM,7,0.6,2314.8,7810.9,231.29,10.28
GHACEM,14,0.6,2335.3,7810.9,457.99,20.35
SUPACEM,28,0.6,2310.6,7810.9,596.58,26.51
GHACEM,7,0.6,2326.2,7810.9,342.25,15.21
SUPACEM,14,0.6,2303.5,7810.9,434.95,19.33
GHACEM,28,0.6,2354.2,7810.9,588.32,26.15
SUPACEM,7,0.6,2332.2,7810.9,275.49,12.24
GHACEM,14,0.6,2310.7,7810.9,481.7,21.41
SUPACEM,28,0.6,2320.3,7810.9,592.95,26.35
GHACEM,7,0.6,2308.6,7810.9,322.45,14.33
SUPACEM,14,0.6,2305.5,7810.9,443.16,19.7
GHACEM,28,0.6,2314.3,7810.9,593.01,26.36
SUPACEM,7,0.6,2299.6,7810.9,286.68,12.74
GHACEM,14,0.6,2328.0,7810.9,460.58,20.47
SUPACEM,28,0.6,2321.8,7810.9,536.3,23.84
GHACEM,7,0.6,2308.6,7810.9,315.16,14.01
SUPACEM,14,0.6,2332.8,7810.9,437.16,19.43
GHACEM,28,0.6,2313.2,7810.9,567.36,25.22
SUPACEM,7,0.6,2310.5,7810.9,285.27,12.68
GHACEM,14,0.6,2312.3,7810.9,443.16,19.7
SUPACEM,28,0.6,2335.9,7810.9,565.98,25.15
GHACEM,7,0.6,2315.1,7810.9,331.85,14.75
SUPACEM,14,0.6,2344.7,7810.9,445.46,19.8
GHACEM,28,0.6,2330.8,7810.9,600.86,26.7
SUPACEM,7,0.6,2289.5,7810.9,280.86,12.48
GHACEM,14,0.6,2332.7,7810.9,443.32,19.7
SUPACEM,28,0.6,2336.6,7810.9,556.27,24.72
GHACEM,7,0.6,2326.6,7810.9,323.03,14.36
SUPACEM,14,0.6,2322.2,7810.9,411.75,18.3
GHACEM,28,0.6,2339.9,7810.9,600.37,26.68
SUPACEM,7,0.6,2327.5,7810.9,263.23,11.7
GHACEM,14,0.6,2304.5,7810.9,488.01,21.69
SUPACEM,28,0.6,2332.3,7810.9,523.82,23.28
GHACEM,7,0.6,2307.5,7810.9,330.76,14.7
SUPACEM,14,0.6,2332.3,7810.9,428.97,19.07
GHACEM,28,0.6,2307.5,7810.9,586.57,26.07
SUPACEM,7,0.6,2325.3,7810.9,287.51,12.78
GHACEM,14,0.6,2339.2,7810.9,462.35,20.55
SUPACEM,28,0.6,2334.9,7810.9,583.04,25.91
GHACEM,7,0.6,2316.4,7810.9,329.09,14.63
SUPACEM,14,0.6,2357.5,7810.9,427.97,19.02
GHACEM,28,0.6,2306.9,7810.9,605.25,26.9
SUPACEM,7,0.6,2320.1,7810.9,263.83,11.73
GHACEM,14,0.6,2327.9,7810.9,471.02,20.93
SUPACEM,28,0.6,2323.5,7810.9,535.23,23.79
GHACEM,7,0.6,2328.8,7810.9,349.2,15.52
SUPACEM,14,0.6,2339.1,7810.9,440.28,19.57
GHACEM,28,0.6,2299.0,7810.9,581.34,25.84
SUPACEM,7,0.6,2336.0,7810.9,276.04,12.27
GHACEM,14,0.6,2348.8,7810.9,447.61,19.89
SUPACEM,28,0.6,2344.9,7810.9,559.46,24.86
GHACEM,7,0.6,2313.5,7810.9,326.94,14.53
SUPACEM,14,0.6,2331.0,7810.9,447.47,19.89
GHACEM,28,0.6,2324.9,7810.9,559.29,24.86
SUPACEM,7,0.6,2353.5,7810.9,257.6,11.45
GHACEM,14,0.6,2327.2,7810.9,460.41,20.46
SUPACEM,28,0.6,2308.7,7810.9,556.67,24.74
GHACEM,7,0.6,2306.5,7810.9,337.25,14.99
SUPACEM,14,0.6,2331.4,7810.9,450.46,20.02
GHACEM,28,0.6,2307.1,7810.9,576.44,25.62
SUPACEM,7,0.6,2301.4,7810.9,292.27,12.99
GHACEM,14,0.6,2345.2,7810.9,437.36,19.44
SUPACEM,28,0.6,2350.7,7810.9,585.89,26.04
GHACEM,7,0.6,2312.7,7810.9,305.4,13.57
SUPACEM,14,0.6,2310.1,7810.9,444.37,19.75
GHACEM,28,0.6,2319.7,7810.9,586.17,26.05
SUPACEM,7,0.6,2305.0,7810.9,274.1,12.18
GHACEM,14,0.6,2308.7,7810.9,445.82,19.81
SUPACEM,28,0.6,2306.6,7810.9,598.47,26.6
GHACEM,7,0.6,2307.6,7810.9,311.82,13.86
SUPACEM,14,0.6,2307.7,7810.9,393.3,17.48
GHACEM,28,0.6,2328.1,7810.9,564.05,25.07
SUPACEM,7,0.6,2338.0,7810.9,272.22,12.1
GHACEM,14,0.6,2344.4,7810.9,457.31,20.33
SUPACEM,28,0.6,2326.6,7810.9,554.5,24.64
GHACEM,7,0.6,2316.6,7810.9,325.27,14.46
SUPACEM,14,0.6,2321.4,7810.9,434.86,19.33
